ASIN,コード,タイトル,メーカー、ブランド,定価,新品価格,新品安値ギャップ,新品数,中古最安値,中古安値ギャップ,中古数,在庫,ランキング,レビュー数,発売日
"B009716ENU","0047875845671","スカイランダーズ ジャイアント トリプルパック Skylanders Giants Triple Pack  (Eruptor, Stealth Elf & Terrafin)「海外直送品・並行輸入品」","Activision Inc.","7,997","5,909","1,314","4","5,909","1,314","","○","34,130","",""
"B009Q5XGO2","0132017593951","UBOOST Black for Wii U GamePad","NYKO","3,672","2,550","27","5","2,550","27","","○","22,149","3","2013/03/14"
"B00ANHBJBY","0132017774626","PRO COMMANDER for Wii U","NYKO","4,725","3,474","30","5","3,474","30","","○","7,322","10","2013/03/14"
"B00GU6PZ9Y","0508966531489","Nintendo Wii U コントローラ対応　スクリーン フィルム　プロテクト　画面保護シート","LEDの家","","","","","","","","×","528,553","","2013/11/22"
"B00G6D5I7U","0521936492368","Wiiの/ WiiとU(ブルー)の2-in-1のモーションリモコンとヌンチャク","ゲームランド福岡店","2,880","2,880","","","2,880","","","○","97,187","","2013/10/25"
"B00ANHBGZ8","0743840871569","UBOOST White for Wii U GamePad","NYKO","3,672","3,624","0","5","3,624","0","","○","41,670","2","2013/03/14"
"B00CERYVWK","0886489713750","[Skque]Nintendo Wii U Gamepad　ゲームパッド用シリコンケース　カバー　ソフト　任天堂　ホワイト","Skque","10,500","10,839","3,161","2","10,839","3,161","","○","50,197","",""
"B009O3WU2A","0896557770332","Controller Pro U Classic Color *WiiU Proコントローラー非対応","InterWORKS Unlimited","5,400","4,675","2,183","2","4,675","2,183","","○","30,901","2","2013/03/14"
"B009LGO0N2","2200630003114","アサシン クリードIII 初回限定特典 アサシン クリードIII リファレンスガイド 付き【CEROレーティング「Z」】","ユービーアイ ソフト","7,992","6,850","320","9","4,480","100","3","○","16,143","11","2012/12/08"
"B009GD1W2M","4520008236943","PS/PS2 ＞ Wii クラシックコントローラー変換 連射くん 【最新バージョンアップ対応　ドラクエ10動作確認済み】","日本トラストテクノロジー","","","","","","","","×","17,385","3",""
"B009GERGAI","4520067014384","Wii U/Wii用D端子ケーブル(2.0m)","アクラス","","","","","","","","×","39,797","","2012/11/23"
"B009OWZNB6","4520067014421","Wii Uゲームパッド用ハードケースクリア","アクラス","1,317","753","0","4","753","0","","○","34,944","","2012/12/08"
"B009OWZP1Y","4520067014438","Wii Uゲームパッド用シリコンカバー","アクラス","1,280","439","","","439","","","○","10,016","","2012/12/08"
"B009OWZQKY","4520067014452","Wii Uゲームパッド用イージーフィットポーチ ブラック","アクラス","1,008","364","186","3","364","186","","○","8,638","","2012/12/08"
"B009OWZS52","4520067014469","Wii Uゲームパッド用イージーフィットポーチ ブルー","アクラス","1,008","327","0","3","327","0","","○","20,745","","2012/12/08"
"B009OWZTVU","4520067014476","Wii Uゲームパッド用イージーフィットポーチ レッド","アクラス","1,008","327","223","2","327","223","","○","32,163","","2012/12/08"
"B009OWZVPE","4520067014483","Wii Uゲームパッド用充電スタンド","アクラス","1,317","679","1","11","679","1","","○","30,525","","2012/12/08"
"B00AR800Q4","4525443081516","OverLay Brilliant for Wii U GamePad 高光沢液晶保護シート OBWIIU","ミヤビックス","1,296","1,296","","","1,296","","","○","14,306","2",""
"B009T39E8S","4527823996991","SIMPLEシリーズ for Wii U Vol.1 THE ファミリーパーティー","D3PUBLISHER","3,024","1,389","1","28","1,225","0","31","○","9,112","14","2012/12/20"
"B009PJRSZC","4528272004619","スクリーンガードフィット for Wii U GamePad TYPE-A","キーズファクトリー","893","690","21","3","690","21","","○","8,177","","2012/12/08"
"B009PJQU9C","4528272004626","シリコンカバー for Wii U GamePad ピンク","キーズファクトリー","1,575","1,227","10","3","1,227","10","","○","10,021","116","2012/12/20"
"B009PJQYZM","4528272004640","シリコンカバー for Wii U GamePad オレンジ","キーズファクトリー","1,775","1,774","1","8","1,774","1","","○","14,017","116","2012/12/20"
"B009PJR2MQ","4528272004657","シリコンカバー for Wii U GamePad グリーン","キーズファクトリー","1,877","1,876","1","3","1,876","1","","○","13,263","116","2012/12/20"
"B009PJR55K","4528272004664","シリコンカバー for Wii U GamePad ブルー","キーズファクトリー","1,575","1,236","10","4","1,236","10","","○","3,819","116","2012/12/20"
"B009PJR730","4528272004671","シリコンカバー for Wii U GamePad ブラック","キーズファクトリー","1,620","1,236","597","4","1,236","597","","○","1,099","116","2012/12/08"
"B009PJR9EC","4528272004688","シリコンカバー for Wii U GamePad クリアホワイト","キーズファクトリー","1,620","1,200","10","6","1,200","8","1","○","2,095","116","2012/12/08"
"B009PJQJ2A","4528272004695","クリーナー&ポーチ for Wii U GamePad ピンク","キーズファクトリー","1,512","640","85","6","640","85","","○","21,996","3","2012/12/20"
"B009PJQKCO","4528272004701","クリーナー&ポーチ for Wii U GamePad レッド","キーズファクトリー","1,512","468","172","5","468","172","","○","27,049","3","2012/12/08"
"B009PJQLY6","4528272004718","クリーナー&ポーチ for Wii U GamePad オレンジ","キーズファクトリー","1,512","640","141","6","640","141","","○","30,512","3","2012/12/20"
"B009PJQORA","4528272004725","クリーナー&ポーチ for Wii U GamePad グリーン","キーズファクトリー","1,470","468","172","4","468","172","","○","25,344","3","2012/12/20"
"B009PJQQJ6","4528272004732","クリーナー&ポーチ for Wii U GamePad ブルー","キーズファクトリー","1,512","468","687","3","468","687","","○","23,389","3","2012/12/20"
"B009PJQS8K","4528272004749","クリーナー&ポーチ for Wii U GamePad ブラック","キーズファクトリー","1,512","635","165","4","635","165","","○","18,646","3","2012/12/08"
"B009PJR0O6","4528272004886","シリコンカバー for Wii U GamePad イエロー","キーズファクトリー","1,575","1,220","0","5","1,220","0","","○","14,000","116","2012/12/20"
"B009PJQNBC","4528272004893","クリーナー&ポーチ for Wii U GamePad イエロー","キーズファクトリー","1,512","280","320","5","280","320","","○","18,856","3","2012/12/20"
"B009PJRUY6","4528272004916","スクリーンガードフィット for Wii U GamePad TYPE-B","キーズファクトリー","918","635","74","3","635","74","","○","33,841","","2012/12/08"
"B00JL8CUCS","4528272005333","シリコンカバーコレクション for Wii U GamePadマリオカート8 Type-A","キーズファクトリー","1,922","1,922","","","1,922","","","×","4,647","","2014/05/29"
"B00JL8CUDM","4528272005340","シリコンカバーコレクション for Wii U GamePadマリオカート8 Type-B","キーズファクトリー","1,922","1,922","","","1,922","","","×","4,415","","2014/05/29"
"B002BDTLE0","4544859009563","CYBER・コントローラ充電ケーブルHG/4m 【Wii U PROコントローラー 対応】","サイバーガジェット","1,008","773","527","5","773","267","1","○","5,055","","2009/07/25"
"B002LZTX0A","4544859009853","【Amazon.co.jp限定 ECOパッケージ版】CYBER・HDMIケーブル 1.3a/1.5m","サイバーガジェット","885","488","","","488","","","○","2,136","7","2009/10/03"
"B003F25NS4","4544859010606","【Amazon.co.jp限定 ECOパッケージ版】CYBER・D端子ケーブル (Wii / WiiU 用)","サイバーガジェット","","12,329","10","3","1,729","1","4","×","4,662","92","2010/06/10"
"B007F8J1D2","4544859012839","CYBER・インナーイヤーヘッドホン ブラック 【Wii U GamePad 対応】","サイバーガジェット","","1,850","30","2","1,850","30","","×","16,129","9","2012/05/05"
"B007F8J2DG","4544859012853","CYBER・インナーイヤーヘッドホン レッド 【Wii U GamePad 対応】","サイバーガジェット","1,700","1,700","0","4","1,700","0","","○","23,158","9","2012/05/05"
"B007F8J2WM","4544859012860","CYBER・インナーイヤーヘッドホン ピンク 【Wii U GamePad 対応】","サイバーガジェット","1,419","1,880","","","1,880","","","○","8,721","9","2012/05/05"
"B007F8J3BC","4544859012877","CYBER・インナーイヤーヘッドホン シルバー","サイバーガジェット","1,419","954","921","2","954","921","","○","18,662","9","2012/05/05"
"B009AMICSG","4544859014307","CYBER・プロテクトケース (Wii U用) クリアブラック","サイバーガジェット","1,420","606","0","5","606","0","","○","3,250","16","2012/12/08"
"B009AMIB7I","4544859014314","CYBER・プロテクトケース (Wii U用) クリア","サイバーガジェット","1,420","617","10","5","617","10","","○","15,156","16","2012/12/08"
"B009AMIGVY","4544859014338","CYBER・シリコンジャケット (Wii U用) クリアブラック","サイバーガジェット","1,420","605","1,565","3","605","1,565","","○","8,563","33","2012/12/08"
"B009AMIFH4","4544859014345","CYBER・シリコンジャケット (Wii U用) クリアホワイト","サイバーガジェット","1,420","550","55","5","550","55","1","○","7,659","33","2012/12/08"
"B009AMIJHA","4544859014352","CYBER・シリコンジャケット (Wii U用) クリアブルー","サイバーガジェット","1,381","590","0","4","590","0","","○","19,864","33","2012/12/08"
"B009AMIM8G","4544859014369","CYBER・TPUジャケット (Wii U用) クリアブラック","サイバーガジェット","1,481","500","0","8","500","0","","○","35,469","3","2012/12/08"
"B009AMIKW4","4544859014376","CYBER・TPUジャケット (Wii U用) クリア","サイバーガジェット","1,523","625","0","6","459","166","1","○","37,950","3","2012/12/08"
"B009AMINBW","4544859014383","CYBER・TPUジャケット (Wii U用) クリアブルー","サイバーガジェット","1,523","532","1,448","2","532","1,448","","○","39,244","3","2012/12/08"
"B009YSUSO2","4544859014567","CYBER・HDMIケーブル [white] (PS3/Wii U用) 1.5m 【PS4対応】","サイバーガジェット","","","","","804","","1","×","22,943","4","2012/12/29"
"B009YSUTVE","4544859014574","CYBER・HDMIケーブル [white] (PS3/Wii U用) 2m  【PS4対応】","サイバーガジェット","1,625","1,250","6","3","1,250","6","","○","4,418","4","2012/12/14"
"B009YSUV26","4544859014581","CYBER・HDMIケーブル [white] (PS3/Wii U用) 3m  【PS4対応】","サイバーガジェット","2,139","890","430","4","890","430","","○","16,882","4","2012/12/29"
"B009YSV13E","4544859014598","CYBER・D端子ケーブル (Wii U用) ブラック","サイバーガジェット","1,728","750","320","13","750","140","1","○","3,195","92","2012/12/08"
"B009YSV2Q0","4544859014604","CYBER・D端子ケーブル (Wii U用) ホワイト","サイバーガジェット","1,728","1,409","10","5","1,409","10","","○","14,684","92","2012/12/20"
"B009YSUWAC","4544859014611","CYBER・S端子ケーブル (Wii U用) ブラック","サイバーガジェット","1,728","780","2","15","780","2","","○","6,288","2","2012/12/14"
"B009YSUXQK","4544859014628","CYBER・S端子ケーブル (Wii U用) ホワイト","サイバーガジェット","1,728","1,547","623","3","1,547","623","","○","13,496","2","2013/01/24"
"B009YSVGBG","4544859014727","CYBER・USB2.0 巻き取りケーブル (PSP用) ブラック","サイバーガジェット","600","600","0","10","600","0","","○","26,415","","2012/12/04"
"B009YSVJ4K","4544859014741","CYBER・USB電源&データケーブル (PSP用) ブラック 【Wii U PROコントローラー 対応】","サイバーガジェット","700","578","1,902","2","578","1,902","","○","3,622","","2012/12/04"
"B00A2FE41Y","4544859014789","CYBER・HDMIセレクター (PS3/Wii U用) ブラック","サイバーガジェット","3,650","3,650","329","5","3,185","465","1","○","5,068","8","2012/12/28"
"B00A0GV6EI","4544859014796","CYBER・LANケーブル/ホワイト (PS3/Wii U用) 3m","サイバーガジェット","720","","","3","","","","○","12,605","","2012/12/20"
"B00A0FZTRE","4544859014802","CYBER・LANケーブル/ホワイト (PS3/Wii U用) 3m","サイバーガジェット","720","654","546","3","654","546","","○","12,605","","2012/12/20"
"B00AEKYQ2O","4544859014956","CYBER ・ USB LANアダプター ( Wii U 用 ) ブラック","サイバーガジェット","2,675","1,754","296","4","1,754","296","","○","23,271","","2012/12/28"
"B00AEKYQ1K","4544859014963","CYBER ・ USB LANアダプター ( Wii U 用 ) ホワイト","サイバーガジェット","2,601","2,161","0","5","2,161","0","","○","24,476","","2012/12/28"
"B00AZV958M","4544859015038","CYBER ・ ダブルUSB充電ケーブル (Wii U GamePad用) ブラック","サイバーガジェット","780","728","552","4","728","552","","○","3,076","7","2013/03/30"
"B00AZV95A0","4544859015045","CYBER ・ USB ACアダプター ミニ (Wii U GamePad 用) ブラック","サイバーガジェット","1,317","900","400","4","712","188","1","○","564","9","2013/04/17"
"B00APU4OBG","4544859015052","CYBER ・ フロントカバー スリム (Wii U用) クリア","サイバーガジェット","1,009","550","804","5","550","804","","○","21,370","4","2013/02/11"
"B00APU4OCA","4544859015069","CYBER ・ フロントカバー スリム (Wii U用) クリアブラック","サイバーガジェット","1,009","709","645","5","709","645","","○","27,745","4","2013/02/11"
"B00APU4OCU","4544859015076","CYBER ・ フロントカバー スリム (Wii U用) クリアブルー","サイバーガジェット","1,009","540","940","3","540","940","","○","31,544","4","2013/02/11"
"B00B8OF5UW","4544859015144","CYBER ・ リモコンUSB給電アダプター ( Wiiリモコン 用 ) ブラック","サイバーガジェット","1,381","1,240","13","4","1,240","13","2","○","11,269","3","2013/05/14"
"B00B8OF5X4","4544859015151","CYBER ・ リモコンUSB給電アダプター ( Wiiリモコン 用 ) ホワイト","サイバーガジェット","1,420","1,254","476","3","1,254","476","","○","11,041","3","2013/05/14"
"B00FPI89XM","4544859015168","CYBER ・ バランスボードUSB給電アダプター ( Wii U 用)","サイバーガジェット","1,420","1,254","406","4","1,254","406","","○","1,023","6","2013/12/11"
"B00FPI89OQ","4544859017148","CYBER ・ バランスボードシリコンカバー ( Wii U 用) クリアホワイト","サイバーガジェット","","","","","","","","×","12,862","3","2013/11/04"
"B00JK8RX8K","4544859018930","CYBER ・ ハンドルグリップ ( Wii U 用) ホワイト","サイバーガジェット","950","864","","","864","","","×","2,757","","2014/05/28"
"B00JK8RX8A","4544859018947","CYBER ・ ハンドルグリップ ( Wii U 用) ブラック","サイバーガジェット","950","864","","","864","","","×","2,103","","2014/05/28"
"B00JK8RX9E","4544859018954","CYBER ・ ハンドルグリップ ( Wii U 用) レッド","サイバーガジェット","950","864","","","864","","","×","950","","2014/05/28"
"B00JK8RZWE","4544859018961","CYBER ・ ハンドルグリップ ( Wii U 用) グリーン","サイバーガジェット","950","864","","","864","","","×","1,529","","2014/05/28"
"B00JK8RUII","4544859018985","CYBER ・ ハンドルスタンド ( Wii U 用) ブラック","サイバーガジェット","4,298","3,900","","","3,900","","","×","5,905","","2014/05/28"
"B00DHATJKC","4548967025026","バットマン:アーカム・ビギンズ","ワーナー・エンターテインメント・ジャパン","8,208","5,698","1","12","5,060","280","10","○","5,188","5","2013/12/05"
"B00DU6YWEQ","4549022787989","NEC Wi-Fiルータ Aterm WR8165N (STモデル)","サイバーガジェット","3,066","2,782","570","4","2,782","570","","○","456","13","2013/08/30"
"B00ECUKVVW","4560153170266","Wii U　ゲームパッド用ハードクリアケース","3Aカンパニー","980","1,310","","","1,310","","","○","50,263","",""
"B00ARUDEI8","4560446910944","Nintendo Wii U GamePad用 アルミニウムケース カバー(パープル)","Disk House","1,890","2,250","","","2,250","","","○","42,055","",""
"B00ARUFS14","4560446910968","Nintendo Wii U GamePad用 アルミニウムケース カバー(ローズレッド)","Disk House","1,890","2,249","","","2,249","","","○","34,771","",""
"B00ARUFYXQ","4560446910975","Nintendo Wii U GamePad用 アルミニウムケース カバー(ブラック)","Disk House","1,890","2,248","","","2,248","","","○","43,318","",""
"B00ARUG5E8","4560446910982","Nintendo Wii U GamePad用 アルミニウムケース カバー(シルバー)","Disk House","1,890","2,248","","","2,248","","","○","37,814","",""
"B00AF69J42","4560452320454","Wii U GamePad用 シリコンラバーケース ホワイト QSRC-WIIUW","at.Q","1,214","1,100","","","1,100","","","○","35,363","","2012/12/08"
"B00AF69J2Y","4560452320461","Wii U GamePad用 シリコンラバーケース ブラック QSRC-WIIUBK","at.Q","1,214","1,100","1,680","2","1,100","1,680","","○","38,242","","2012/12/08"
"B00G66UJ4E","4560458011585","Nintendo Wii用 コンポーネント AVケーブル","シーズハーベスト","","","","","","","","×","29,087","",""
"B00ATBC9T0","4560458377070","【MA-9854】WiiU用スタイラスペン 5本セット / Wii U Stylus Pen","MEDIA ACTIVE","680","680","","","680","","","○","52,948","",""
"B00ATB29SG","4560458377148","【MA-9861】 WiiUゲームパッドの持ち運びに便利なポーチ ブルー / Wii U Soft Pouch + Strap","MEDIA ACTIVE","","","","","","","","×","53,307","",""
"B00ATB8DNQ","4560458377193","【MA-9866】Wii U Stand ホワイト","MEDIA ACTIVE","","","","","","","","×","44,528","2",""
"B00ATB8YD0","4560458377209","【MA-9867】Wii U Stand グレイ / WiiU本体用スタンド","MEDIA ACTIVE","","","","","","","","×","53,267","",""
"B00B2JSK0K","4560458377360","【MA-9883】Wii U GamePad and Dual Wii Remote Charging Dock Station / WiiUゲームパッド、Wiiリモコンが充電可能なチャージスタンド","MEDIA ACTIVE","","","","","","","","×","56,615","",""
"B00B2JKMGU","4560458377537","【MA-9900】Wii U Multi Voltage Power Supply / WiiU用ACアダプター","MEDIA ACTIVE","","","","","","","","×","53,029","",""
"B00B5Q8XDY","4560458377568","【MA-9903】Wii SF Classic Controller / Wii用スーファミタイプのクラシックコントローラー","MEDIA ACTIVE","","","","","","","","×","49,513","",""
"B00AQEL8HY","4560458378022","【MA-9846】 Wii U Touch Stylus & Stand / WiiU用スタイラスペンとスタンドセット!!","MEDIA ACTIVE","","","","","","","","×","52,985","",""
"B00AQEM9DQ","4560458378039","【MA-9847】 Wii U GamePad Crystal Case / WiiUゲームパッドをキズなとから守るクリスタルケース","MEDIA ACTIVE","","","","","","","","×","52,682","",""
"B00AQEQJ50","4560458378077","【MA-9851】 Wii U GamePad USB Charging Cable / WiiUゲームパッド用USB充電ケーブル","MEDIA ACTIVE","","","","","","","","×","28,003","2",""
"B00FB1LF2A","4560467042242","ディズニー インフィニティ スターター・パック","バンダイナムコゲームス","8,208","7,980","239","8","5,970","30","4","○","1,923","15","2013/11/28"
"B00IG12CLU","4560467043621","仮面ライダー バトライド・ウォーII プレミアムTV&MOVIEサウンドエディション","バンダイナムコゲームス","11,286","9,226","","","9,226","","","×","1,195","","2014/06/26"
"B00IG12CLK","4560467043638","仮面ライダー バトライド・ウォーII","バンダイナムコゲームス","7,690","6,234","","","6,234","","","×","6,476","","2014/06/26"
"B00JQVS4KM","4560467043706","ワンピース アンリミテッドワールドR (初回封入特典:限定コスチュームや追加クエストが入手できるダウンロードコード 同梱)","バンダイナムコゲームス","7,171","7,171","","","7,171","","","×","2,357","","2014/06/12"
"B00AIIKO5K","4560475552146","Wii U ゲームパッド用液晶保護フィルム","ノーブランド","380","380","","","380","","","○","34,448","",""
"B00IW4Y09S","4562351524193","Wii / Wii Uリモコン用 ヌンチャク 白色 (簡易パッケージ品)","craques","980","980","","","980","","","○","2,642","",""
"B00IL5D4G8","4562351524209","Wii / Wii Uリモコン用 ヌンチャク 黒色 (簡易パッケージ品)","craques","970","970","","","970","","","○","6,650","",""
"B00ANIT082","4562389941528","シリコン カバー for 任天堂 Wii U GamePad クリア [アチーバー限定品]","GoodPrice","","","","","","","","×","41,359","",""
"B00ANITMIA","4562389941535","シリコン カバー for 任天堂 Wii U GamePad レッド [アチーバー限定品]","GoodPrice","","","","","","","","×","40,551","",""
"B00ANITUP0","4562389941542","シリコン カバー for 任天堂 Wii U GamePad ピンク [アチーバー限定品]","GoodPrice","","","","","","","","×","39,067","",""
"B00ANIU6G2","4562389941559","シリコン カバー for 任天堂 Wii U GamePad ブルー [アチーバー限定品]","GoodPrice","","","","","","","","×","40,653","",""
"B00ANJ0GWK","4562389941580","クリア ハード ケース for 任天堂 Wii U GamePad [アチーバー限定品]","GoodPrice","","","","","","","","×","28,817","",""
"B00B0TXFTI","4562389941801","シリコン カバー for 任天堂 Wii U GamePad ブラック [アチーバー限定品]","GoodPrice","","","","","","","","×","35,075","",""
"B00BCV0T6Q","4562389942266","任天堂 WiiU 本体 専用 AC アダプター","Simble","","","","","","","","×","17,279","3",""
"B0088VGYFI","4571209313896","(WiiU/Wii用)D端子ケーブル","クール・クラウン","1,420","1,154","326","3","1,154","236","1","○","1,921","21","2012/07/21"
"B009AMH1T2","4571209314305","Wii Uゲームパッド用「液晶画面フィルムMG」","クール・クラウン","515","400","19","6","400","19","","○","16,708","40","2012/12/08"
"B009AMHIQS","4571209314312","Wii Uゲームパッド用「液晶画面フィルム 極」","クール・クラウン","1,009","700","19","7","700","19","","○","9,026","40","2012/12/08"
"B009AMHK2K","4571209314329","Wii Uゲームパッド用「ブルーライト低減フィルム」","クール・クラウン","1,317","1,082","23","3","1,082","23","","○","16,903","2","2012/12/08"
"B009AMHTRG","4571209314336","Wii Uゲームパッド用「セミハードポーチ」(ブラック)","クール・クラウン","1,852","1,280","55","7","1,280","55","","○","17,665","4","2012/12/08"
"B009AMHV38","4571209314343","Wii Uゲームパッド用「セミハードポーチ」(ホワイト)","クール・クラウン","1,852","1,296","269","4","1,150","146","1","○","22,754","4","2012/12/08"
"B009AMHNXQ","4571209314350","Wii Uゲームパッド用「シリコンケース」(ブラック)","クール・クラウン","1,317","952","21","5","952","21","1","○","15,484","19","2012/12/08"
"B009AMHPHK","4571209314367","Wii Uゲームパッド用「シリコンケース」(ホワイト)","クール・クラウン","1,317","1,180","55","2","1,180","55","","○","18,926","19","2012/12/08"
"B009AMHQUG","4571209314374","Wii Uゲームパッド用「シリコンケース」(ブルー)","クール・クラウン","1,317","973","207","5","973","207","","○","22,550","19","2012/12/08"
"B009AMHS8Q","4571209314381","Wii Uゲームパッド用「シリコンケース」(レッド)","クール・クラウン","1,280","973","327","5","973","327","","○","18,432","19","2012/12/08"
"B009AMHLHO","4571209314398","Wii Uゲームパッド用「クリスタルケース」(クリア)","クール・クラウン","1,317","900","73","4","900","73","","○","32,159","","2013/01/15"
"B009AMHMNC","4571209314404","Wii Uゲームパッド用「クリスタルケース」(クリアブラック)","クール・クラウン","1,317","900","73","4","900","73","","○","27,046","","2013/01/15"
"B009AMHXMC","4571209314411","Wii Uゲームパッド用「ポータブルポーチ」(ブラック)","クール・クラウン","1,009","600","14","6","600","14","","○","9,275","","2012/12/08"
"B009AMHYUI","4571209314428","Wii Uゲームパッド用「ポータブルポーチ」(ライトブルー)","クール・クラウン","1,009","373","472","4","373","472","","○","33,205","","2012/12/08"
"B009AMI04C","4571209314435","Wii Uゲームパッド用「ポータブルポーチ」(ライトグリーン)","クール・クラウン","1,009","600","14","5","600","14","","○","34,677","","2012/12/08"
"B009AMI1HS","4571209314442","Wii Uゲームパッド用「ポータブルポーチ」(ピンク)","クール・クラウン","1,009","600","27","5","600","27","","○","33,819","","2012/12/08"
"B009AMI2YA","4571209314459","Wii Uゲームパッド用「TPUケース」","クール・クラウン","1,317","953","0","6","953","0","","○","26,850","5","2012/12/08"
"B009DV9A9Y","4571209314466","WiiU用「タッチペンセット」(ブラック)","クール・クラウン","","","","","","","","×","56,585","","2012/12/08"
"B009DV9CPG","4571209314473","WiiU用「タッチペンセット」(ホワイト)","クール・クラウン","","","","","","","","×","56,586","","2012/12/08"
"B009DV8ZV8","4571209314480","WiiU用「ゲームパッドチャージスタンド」(ブラック)","クール・クラウン","1,317","1,250","20","8","1,250","20","","○","18,223","20","2012/12/08"
"B009DV9EGI","4571209314497","WiiU用「まとめてチャージスタンド」(ブラック)","クール・クラウン","2,983","2,091","354","6","2,091","209","2","○","4,373","13","2012/12/08"
"B009DV9H10","4571209314503","WiiU用「まとめてチャージスタンド」(ホワイト)","クール・クラウン","2,983","2,080","11","6","2,080","11","1","○","10,906","13","2012/12/08"
"B009DV92SI","4571209314510","WiiU用「ゲームパッドチャージスタンド」(ホワイト)","クール・クラウン","1,280","1,009","176","6","1,009","176","","○","7,217","20","2012/12/08"
"B009JXXHNG","4571209314527","(WiiU/Wii用)ワイヤレスセンサーバー","クール・クラウン","1,543","980","125","9","980","63","1","○","4,226","6","2012/11/20"
"B009DV95C6","4571209314534","WiiU用「スッキリ収納スタンド」(ブラック)","クール・クラウン","1,280","1,009","91","7","1,009","91","","○","9,255","7","2012/12/08"
"B009DV97QK","4571209314541","WiiU用「スッキリ収納スタンド」(ブラック)","クール・クラウン","1,280","","","7","","","","○","9,255","7","2012/12/08"
"B009JXXDY4","4571209314558","(WiiU/Wii用)コントローラ変換アダプタ","クール・クラウン","2,037","1,545","10","7","1,545","10","","○","12,403","6","2012/11/30"
"B009JXXFVK","4571209314589","(WiiU/Wii用)S+AV端子ケーブル","クール・クラウン","1,420","1,100","215","5","1,100","215","","○","618","13","2012/11/30"
"B009RE6YLO","4571209314602","(WiiU用)「フィルム&タッチペンセット」(ブラック)","クール・クラウン","906","401","399","6","401","399","","○","19,000","3","2012/12/08"
"B009RE710M","4571209314619","(WiiU用)「フィルム&タッチペンセット」(ホワイト)","クール・クラウン","881","743","1","6","743","1","","○","35,356","3","2012/12/08"
"B00AE39U9A","4571209314633","(WiiUゲームパッド用) ツインUSBACアダプタ","デイテル・ジャパン","","2,200","","1","2,200","","","×","18,619","9","2012/12/20"
"B00B47D9WE","4571209314664","(WiiU/Wii用) コンパクトチャージボード","デイテル・ジャパン","","","","","","","","×","29,439","","2013/01/31"
"B00BCENLUO","4571209314701","(WiiU/Wii用) USBコンパクトチャージボード (ブラック)","デイテル・ジャパン","3,024","2,455","45","8","2,455","45","","○","20,608","","2013/04/30"
"B00BCENLWC","4571209314718","(WiiU/Wii用) USBコンパクトチャージボード (ホワイト)","デイテル・ジャパン","3,024","2,480","0","4","2,480","0","","○","30,735","","2013/04/30"
"B00BCENM26","4571209314732","(WiiU/3DSLL/3DS/DSi用) ツイン充電ロングACアダプタ","デイテル・ジャパン","1,543","1,256","179","6","1,256","179","","○","13,973","3","2013/04/30"
"B00BLH9P1Q","4571209314749","(Wii U/Wii用) 「LANアダプタ」","デイテル・ジャパン","2,181","1,780","16","4","1,780","16","","○","2,645","","2013/04/23"
"B00CLMEM9U","4571209314817","(WiiUゲームパッド用) レトロフェイスプレート (FCレッド)","デイテル・ジャパン","1,980","1,744","0","9","1,744","0","","○","4,521","12","2013/07/12"
"B00IUBSBQG","4571209315203","(WiiU/Wii用) USBコンパクトチャージボード専用バッテリーパック (ホワイト)","デイテル・ジャパン","1,058","982","","","982","","","×","27,359","","2014/04/30"
"B00EOCZH8U","4571335899813","ダブルUSB充電ケーブル (Wii U GamePad用) ブラック　BL-0034WU","コアウェーブ","1,280","980","636","2","980","636","","○","22,341","",""
"B00GI6X4ZS","4571374290800","【任天堂公式ライセンス商品】ニンテンドー3DSLL対応クリーナークロス『汚れ拭クリーナークロス for ニンテンドー3DS LL』","アイレックス","540","540","179","3","540","179","","○","9,881","","2013/12/20"
"B00HCBFU6Y","4571487036999","PSP2000/3000用コンポーネントAVケーブル","ちーずん","470","810","","","810","","","○","897,407","","2013/12/16"
"B00HCBFXOI","4571487037033","XBOX360コンポーネント/ステレオAVケーブル","ちーずん","","","","","","","","×","330,033","","2013/12/16"
"B00G9TXVE8","4580210564845","Wii U用 S端子&AVケーブル 2M ブラック","カンタービレ","1,299","1,290","9","5","1,200","90","1","○","22,749","",""
"B00G9UWDKU","4580210564883","WiiU用 液晶画面保護 無気泡フィルム","カンタービレ","597","597","","","597","","","○","15,122","",""
"B00GAWZ4U8","4580210565682","WiiU用 充電 変換コネクタ iPhoneﾀｲﾌﾟ","カンタービレ","699","699","","","699","","","○","32,968","",""
"B00GAWZ75K","4580210565699","WiiU用 充電 変換コネクタ スマホﾀｲﾌﾟ","カンタービレ","699","699","","","699","","","○","19,697","",""
"B00CI3MM9Y","4580223537256","任天堂 Wii U / Wii 共用 LAN ADAPTER / 有線LANアダプター-537256","OEM","1,250","1,700","","","1,700","","","○","55,733","","2013/04/24"
"B00AT9BPJC","4580223537515","任天堂 Wii U 専用 ゲームパッド GamePad シリコンカバー 5色から選択可能","OEM","680","1,130","0","5","1,130","0","","○","356,177","","2012/12/26"
"B00AT9IVG2","4580223537539","任天堂 Wii U 専用 ゲームパッド GamePad シリコンカバー 5色から選択可能","OEM","680","1,130","0","5","1,130","0","","○","272,881","","2012/12/26"
"B00AT9JFIK","4580223537546","任天堂 Wii U 専用 ゲームパッド GamePad シリコンカバー 5色から選択可能","OEM","680","1,130","0","5","1,130","0","","○","75,300","","2012/12/26"
"B00AY761LG","4580223537584","任天堂 Wii U 専用 ゲームパッド GamePad+Wiiリモコン トリプルチャージステーション-537584","OEM","1,980","2,190","240","6","2,190","240","","○","39,287","","2013/01/08"
"B00AY7GMWE","4580223537591","任天堂 Wii U 専用 GamePad ゲームパッド 充電 ACアダプター-537591","OEM","1,010","1,000","10","13","1,000","10","","○","174","24","2013/01/08"
"B00AY7HZY8","4580223537607","任天堂 Wii U 本体専用 ACアダプター-537607","OEM","1,030","1,010","20","9","1,010","4","1","○","4,789","8","2013/01/08"
"B00BP43KJ8","4580223537614","任天堂 Wii U GamePad スタンドチャージクレイドル 充電器","OEM","980","1,430","0","5","1,430","0","","○","345,015","","2013/03/05"
"B00BP43YI0","4580223537621","任天堂 Wii U GamePad スタンドチャージクレイドル 充電器","OEM","1,430","1,430","0","5","1,430","0","","○","24,261","","2013/03/05"
"B009HO8MFA","4580267606994","Wii U GamePad用『シリコンプロテクト』(クリアホワイト)","アンサー","1,317","880","0","8","880","0","","○","30,664","","2012/12/08"
"B009HO8OLM","4580267607007","Wii U GamePad用『シリコンプロテクト』(クリアブラック)","アンサー","1,317","860","20","6","860","20","1","○","37,947","","2012/12/08"
"B009HO8RPA","4580267607014","Wii U GamePad用『クリアプロテクト』(クリア)","アンサー","1,280","430","178","6","430","178","","○","14,442","3","2012/12/08"
"B009HO8UGG","4580267607021","Wii U GamePad用『クリアプロテクト』(クリアブラック)","アンサー","1,317","542","812","4","542","753","1","○","29,261","3","2012/12/08"
"B009HO8WJG","4580267607038","Wii U GamePad用『TPUフレーム』(クリア)","アンサー","1,624","1,225","31","5","1,225","31","","○","36,237","","2012/12/08"
"B009HO8YHG","4580267607045","Wii U GamePad用『TPUフレーム』(クリアブラック)","アンサー","1,624","373","582","5","373","582","","○","13,882","","2012/12/08"
"B009YSUF3Q","4580267607267","Wii/Wii U用 LAN接続アダプタ (ブラック)","アンサー","2,483","2,483","627","2","1,550","199","2","○","9,349","13","2012/12/08"
"B009YSUGGC","4580267607274","Wii/Wii U用 LAN接続アダプタ (ホワイト)","アンサー","","2,743","","1","1,480","1,263","1","×","14,626","13","2012/12/08"
"B00AELRETU","4580267607328","PS3/Wii U用『HG“ハイグレード"HDMIケーブル』","アンサー","1,900","1,491","389","4","1,491","389","","○","7,638","","2012/12/20"
"B00AQSWDTM","4580267607373","Wii U GamePad用『AC延長ケーブル』 (ホワイト)","アンサー","679","622","200","3","622","200","1","○","27,101","","2013/01/18"
"B00AQSWE0K","4580267607380","Wii U GamePad用『USB充電ケーブル』 (ホワイト)","アンサー","679","634","310","3","634","310","","○","455","9","2013/01/18"
"B00B7YBOAS","4580267607496","Wii U PROコントローラ用『シリコンプロテクト』 (ホワイト)","アンサー","880","806","440","4","806","440","","○","4,615","9","2013/04/05"
"B00B7YBO9O","4580267607502","Wii U PROコントローラ用『シリコンプロテクト』 (ブラック)","アンサー","880","806","440","4","806","440","","○","7,095","9","2013/04/05"
"B00BEBJ6JU","4580267607526","Wii U/Wii用『ステレオAVケーブル3m』","アンサー","905","1,149","151","4","1,149","151","","○","17,178","","2013/04/26"
"B00CR9WOSI","4580267607557","WiiU GamePad/WiiU PROコントローラ用 ACアダプタエラビーナ (ブラック)","アンサー","1,728","1,728","112","2","1,728","112","","○","28,576","","2013/06/07"
"B00CR9WOVU","4580267607564","WiiU GamePad/WiiU PROコントローラ用 ACアダプタエラビーナ (ホワイト)","アンサー","1,873","1,680","160","3","1,680","160","","○","4,542","","2013/06/07"
"B00FLOSG2O","4580267608127","Eraserクリーナー ブルー","アンサー","734","627","195","5","627","195","","○","39,003","","2013/10/18"
"B00FLOSG0G","4580267608134","Eraserクリーナー レッド","アンサー","734","614","208","4","614","208","","○","39,986","","2013/10/18"
"B00FLOSG2E","4580267608141","Eraserクリーナー グリーン","アンサー","734","614","208","4","614","208","","○","44,590","","2013/10/18"
"B00GRQG4T2","4580267608455","Wii U GamePad用バッテリースタンド","アンサー","3,654","3,277","0","6","3,277","0","","○","6,328","","2013/12/20"
"B0019DBTF2","4580275160396","Wii用センサーバー『ワイヤレスバー』","リンクスプロダクツ","","2,770","9","3","1,380","1,390","1","×","24,161","3","2008/07/19"
"B001EHEP2M","4580275160426","Wii用D端子ケーブル『D端子テレビ接続ケーブル』","リンクスプロダクツ","2,037","800","0","11","760","16","8","○","12,027","8","2008/10/31"
"B001D259RS","4580275160525","Wii用LANアダプタ『有線LANアダプタ』","リンクスプロダクツ","2,808","1,969","1","6","1,579","0","8","○","8,265","","2008/10/31"
"B00BB8VJBE","4580275162314","WiiUゲームパッド用『シリコンカバーWU ブラック』","リンクスプロダクツ","","2,400","","1","2,400","","","×","23,785","2","2013/04/24"
"B00BB8IS54","4580275162321","WiiUゲームパッド用『シリコンカバーWU ブラック』","リンクスプロダクツ","","","","1","","","","×","23,785","2","2013/04/24"
"B00BB8VJ9Q","4580275162338","WiiUゲームパッド用/WiiUプロコントローラ用『ツインチャージスタンドWU ブラック』","リンクスプロダクツ","2,808","2,091","978","4","2,040","51","1","○","8,879","4","2013/04/30"
"B00BB8VJ7I","4580275162345","WiiUゲームパッド用/WiiUプロコントローラ用『ツインチャージスタンドWU ホワイト』","リンクスプロダクツ","2,730","2,719","0","5","2,719","0","","○","22,184","4","2013/04/30"
"B00DGOAAAC","4580275162376","WiiU用/Wii/PS3用マイク『カラオケマイクWU』","リンクスプロダクツ","2,080","2,080","0","13","2,080","0","","○","9,109","","2013/08/29"
"B00DGOAA84","4580275162383","WiiU用/Wii/PS3用マイクスタンド『マイクスタンドWU』","リンクスプロダクツ","2,940","2,340","50","6","2,340","50","","○","9,062","","2013/08/29"
"B00B49NXIW","4580295813340","ニンテンドー プリペイドカード 1000円 ニュースーパーマリオブラザーズ２ マリオ&ルイージ","Nintendo","1,000","1,500","480","4","1,500","480","","○","41,323","",""
"B00ASY56AC","4580383825569","PLATA ( プラタ ) Wii U ゲーム パッド 用 シリコン カバー","プラタ","","","","","","","","×","207,232","4","2012/12/25"
"B00ASY56JS","4580383825576","PLATA ( プラタ ) Wii U ゲーム パッド 用 シリコン カバー","プラタ","1,560","780","","","780","","","○","108,117","4","2012/12/25"
"B00ASY56PM","4580383825583","PLATA ( プラタ ) Wii U ゲーム パッド 用 シリコン カバー","プラタ","1,560","780","","","780","","","○","20,944","4","2012/12/25"
"B00ASY56WK","4580383825590","PLATA ( プラタ ) Wii U ゲーム パッド 用 シリコン カバー","プラタ","1,560","780","","","780","","","○","16,361","4","2012/12/25"
"B00ASY573S","4580383825606","PLATA ( プラタ ) Wii U ゲーム パッド 用 シリコン カバー","プラタ","1,560","780","","","780","","","○","368,603","4","2012/12/25"
"B00ASY55F8","4580383825613","PLATA ( プラタ ) Wii U ゲーム パッド 用 シリコン カバー","プラタ","1,560","780","","","780","","","○","51,373","4","2012/12/25"
"B00ASY563E","4580383825644","PLATA ( プラタ ) Wii U ゲーム パッド 用 液晶 保護 シール","プラタ","700","400","440","2","400","440","","○","135,121","","2012/12/25"
"B00ATJVLUA","4580383826351","セット販売 PLATA Wii U ゲームパッド アクセサリセット シリコン カバー / 液晶保護フィルム / タッチペン 4本","プラタ","1,580","1,580","","","1,580","","","○","278,292","","2012/12/27"
"B00ATJVM5O","4580383826368","セット販売 PLATA Wii U ゲームパッド アクセサリセット シリコン カバー / 液晶保護フィルム / タッチペン 4本","プラタ","1,580","1,580","","","1,580","","","○","255,394","","2012/12/27"
"B00ATJVMGS","4580383826375","セット販売 PLATA Wii U ゲームパッド アクセサリセット シリコン カバー / 液晶保護フィルム / タッチペン 4本","プラタ","1,580","1,580","","","1,580","","","○","337,504","","2012/12/27"
"B00ATJVLN2","4580383826382","セット販売 PLATA Wii U ゲームパッド アクセサリセット シリコン カバー / 液晶保護フィルム / タッチペン 4本","プラタ","1,580","1,580","","","1,580","","","○","288,196","","2012/12/27"
"B00ATJVLVY","4580383826399","セット販売 PLATA Wii U ゲームパッド アクセサリセット シリコン カバー / 液晶保護フィルム / タッチペン 4本","プラタ","1,580","1,580","","","1,580","","","○","596,862","","2012/12/27"
"B00ATJVM90","4580383826405","セット販売 PLATA Wii U ゲームパッド アクセサリセット シリコン カバー / 液晶保護フィルム / タッチペン 4本","プラタ","1,580","1,580","","","1,580","","","○","307,188","","2012/12/27"
"B00B2JC2IG","4580383827815","PLATA ( プラタ ) Wii U ゲーム パッド 用 ハード ポーチ","プラタ","4,020","2,010","","","2,010","","","○","430,383","","2013/01/18"
"B00DI0T90G","4580383845932","PLATA ( プラタ ) Wii U ゲーム パッド 用 液晶 保護 シール","プラタ","1,160","580","","","580","","","○","265,289","","2013/06/20"
"B00AE8SZGE","4580398811304","[任天堂公式ライセンス取得商品] 鉄拳タッグトーナメント2 アーケード ファイトスティック トーナメントエディション S for Wii U","マッドキャッツ株式会社","16,800","10,265","11,520","2","10,140","125","1","○","22,358","",""
"B00AE9PMDW","4580398811540","[任天堂公式ライセンス取得商品] TRITTON クナイ ステレオヘッドセット Wii U （ブラック） (MCN-KUN-SHS-BK)","マッドキャッツ株式会社","4,980","4,093","0","4","4,093","0","","○","14,477","3",""
"B00AE9U0NY","4580398812097","[任天堂公式ライセンス取得商品] TRITTON クナイ ステレオヘッドセット Wii U （ホワイト） (MCN-KUN-SHS-WH)","マッドキャッツ株式会社","4,980","4,093","887","4","4,093","887","","○","20,377","",""
"B00AE9Z0XY","4580398812103","[任天堂公式ライセンス取得商品] TRITTON クナイ ステレオヘッドセット Wii U （レッド） (MCN-KUN-SHS-RD)","マッドキャッツ株式会社","4,980","4,093","0","4","4,093","0","1","○","18,059","4",""
"B009CNIZMG","4582224498291","鉄拳タッグトーナメント2 Wii U EDITION","バンダイナムコゲームス","7,180","2,942","0","35","2,320","9","23","○","3,612","20","2012/12/08"
"B00AT838CU","4582224498567","TANK!TANK!TANK!","バンダイナムコゲームス","5,184","3,958","5","13","3,670","100","17","○","1,014","34","2013/02/21"
"B00BG4OYHE","4582419280144","傷 瞬間修復プレミアム液晶フィルム for Wii U","GAME PLUS","702","741","0","4","741","0","","○","17,896","","2013/03/09"
"B00FMQKG1U","4582419280335","ブルーライト低減フィルム for WiiU 抗菌タイプ","GAME PLUS","1,598","1,300","0","4","1,300","0","","○","46,536","","2013/10/13"
"B00BQPY3Y2","4582458630597","k2z PS/PS2/PSOne用コントローラーをWiiで使用する　変換アダプター","k2z","","","","","","","","×","39,256","",""
"B00BG3FJEC","4891845056781","シリコンカバー for Wii U GamePad 黒","MYCARRYINGCASE","","","","","","","","×","48,106","",""
"B000KF5KZK","4902370515657","Wii専用 ACアダプタ","任天堂","3,086","2,400","100","20","210","140","28","○","1,411","16","2006/12/02"
"B000KF9E6Q","4902370515671","ヌンチャク (シロ)","任天堂","1,851","1,480","11","26","700","0","56","○","397","151","2006/12/02"
"B000KF3RZU","4902370515695","Wii専用 AVケーブル","任天堂","1,028","830","1","19","429","0","24","○","547","26","2006/12/02"
"B000KF5LK4","4902370515725","Wii専用 コンポーネントAVケーブル","任天堂","2,571","1,930","50","11","1,710","5","7","○","5,697","13","2006/12/02"
"B000KF5LS6","4902370515732","Wii専用 LANアダプタ","任天堂","2,880","2,160","40","28","1,300","90","11","○","364","83","2006/12/30"
"B001ANFM04","4902370516333","Wii ザッパー","任天堂","1,500","1,254","196","14","1,080","169","6","○","1,576","33","2008/07/03"
"B0014YRPAO","4902370516340","Wiiハンドル","任天堂","1,200","1,009","225","27","760","14","22","○","543","101","2008/04/10"
"B001HBIPOY","4902370517149","ニンテンドーWi-Fiネットワークアダプタ","任天堂","5,966","4,432","422","31","3,148","0","21","○","567","114","2008/09/18"
"B002ACOJTY","4902370517828","クラシックコントローラ PRO(シロ)","任天堂","2,057","1,629","16","28","1,489","1","14","○","155","224","2009/08/01"
"B002C1AUP0","4902370517835","クラシックコントローラ PRO(クロ)","任天堂","2,057","1,645","735","23","1,449","1","15","○","190","224","2009/08/01"
"B002C1AUPK","4902370517859","ヌンチャク (クロ)","任天堂","1,800","1,470","9","26","849","1","24","○","1,445","151","2009/08/01"
"B0046EC9ZU","4902370518412","Wiiリモコン プラス (シロ) (「Wiiリモコンジャケット」同梱)","任天堂","3,909","3,388","62","31","2,850","330","8","○","840","225","2010/11/11"
"B0046EC9YQ","4902370518429","Wiiリモコン プラス (クロ) (「Wiiリモコンジャケット」同梱)","任天堂","3,909","3,218","632","25","3,080","99","9","×","585","225","2010/11/11"
"B0046EC9Z0","4902370518436","Wiiリモコン プラス (アオ) (「Wiiリモコンジャケット」同梱)","任天堂","3,909","3,447","432","28","2,740","5","15","○","931","225","2010/11/11"
"B0046EC9ZA","4902370518443","Wiiリモコン プラス (ピンク) (「Wiiリモコンジャケット」同梱)","任天堂","3,909","3,280","72","26","2,825","5","9","○","390","225","2010/11/11"
"B0046EC9ZK","4902370518450","Wiiリモコン プラス (アカ) (「Wiiリモコンジャケット」同梱)","任天堂","3,909","3,280","86","29","3,250","0","7","○","373","225","2010/11/11"
"B0046ECA0Y","4902370518467","ヌンチャク (アカ)","任天堂","1,851","1,480","11","24","1,440","10","5","○","1,097","151","2010/11/11"
"B009AP23NI","4902370519839","Wii U PRO コントローラー (kuro) (WUP-A-RSKA)","任天堂","5,184","2,440","23","37","2,380","60","6","○","142","195","2012/01/01"
"B009AP2518","4902370519846","Wii U PRO コントローラー (shiro) (WUP-A-RSWA)","任天堂","5,184","1,980","0","40","1,980","0","6","○","123","195","2012/01/01"
"B009K1EDTY","4902370519877","Wii U ベーシックセット (WUP-S-WAAA)","任天堂","27,000","25,440","10","25","21,620","530","15","○","199","137","2012/12/08"
"B009K1ECXQ","4902370519884","Wii U プレミアムセット kuro (WUP-S-KAFC)","任天堂","36,000","34,280","1,720","14","23,790","10","38","○","967","376","2012/12/08"
"B009AP2DBK","4902370519891","Wiiリモコンプラス追加パック(shiro) (RVL-A-AS02)","任天堂","5,250","3,360","20","34","3,360","0","3","○","210","108","2012/01/01"
"B009AP2BJ4","4902370519907","Wiiリモコンプラス追加パック(kuro) (RVL-A-AS03)","任天堂","5,400","3,360","20","27","3,360","20","3","○","187","108","2012/01/01"
"B009AP2FS6","4902370519914","センサーバー (RVL-A-SB)","任天堂","1,680","850","99","28","555","1","24","○","217","62","2012/12/08"
"B009LGOB4A","4902370520033","Wii U GamePadアクセサリー3点パック (WUP-A-AS04)","任天堂","1,050","400","0","31","400","0","1","○","633","73","2012/01/01"
"B009AP26JY","4902370520040","Wii U GamePad スタンドセット (WUP-A-DTKA)","任天堂","1,890","960","4","31","960","4","1","○","4,568","5","2012/12/08"
"B009LGO9O2","4902370520057","Wii U GamePad画面保護シート (WUP-A-SHAA)","任天堂","864","680","20","26","680","20","1","○","4,323","31","2012/12/08"
"B009AP2KPY","4902370520170","Nintendo Land","任天堂","5,076","3,800","39","33","3,019","11","29","○","965","166","2012/12/08"
"B009AP2MAW","4902370520187","New スーパーマリオブラザーズ U","任天堂","6,156","3,567","1","43","2,405","15","73","○","522","243","2012/12/08"
"B009K1EELQ","4902370520194","モンスターハンター3 (トライ)G HD Ver. Wii U プレミアムセット (WUP-S-KAFD)","カプコン","39,960","33,249","1","23","20,850","1,500","23","○","4,299","64","2012/12/08"
"B00HVX9P6E","4902370520453","Wii Fit U バランスWiiボード (シロ) + フィットメーター (ミドリ) セット","任天堂","10,260","9,100","0","16","8,640","210","4","○","1,101","10","2014/02/01"
"B00HVX9PA0","4902370520460","Wii Fit U バランスWiiボード (クロ) + フィットメーター (ミドリ) セット","任天堂","10,260","9,100","10","17","7,740","100","4","○","2,287","10","2014/02/01"
"B00HVX9PAK","4902370520477","Wii Fit U フィットメーター (ミドリ) セット","任天堂","6,156","4,320","0","31","4,280","40","4","○","1,185","8","2014/02/01"
"B00BLZM5RE","4902370520484","Wii U レンズクリーナーセット","任天堂","1,260","1,054","341","18","950","100","2","○","5,737","2","2013/03/28"
"B00B700ZBQ","4902370520507","ゲーム&ワリオ","任天堂","5,076","2,516","209","34","1,559","1","38","○","1,250","44","2013/03/28"
"B00BIER09G","4902370520736","ドラゴンクエストX 目覚めし五つの種族 オンライン Wii U プレミアムセット","任天堂","47,980","47,270","480","11","32,280","14,990","1","○","1,717","10","2013/03/30"
"B00D5OOC9S","4902370520750","Wiiリモコン急速充電セット","任天堂","4,320","3,570","0","16","3,569","1","1","○","1,168","7","2013/07/13"
"B00D5OOCDE","4902370520767","Wiiリモコン急速充電セット用 バッテリーパック","任天堂","2,625","2,350","0","14","2,350","0","","○","3,687","","2013/07/13"
"B00CTK1JR2","4902370520781","ピクミン3","任天堂","6,156","4,456","0","33","3,500","300","40","○","288","229","2013/07/13"
"B00D3GQC7S","4902370520897","Wii U プレミアムセット shiro (WUP-S-WAFC)","任天堂","34,350","32,350","2,000","11","26,000","1,140","7","○","3,952","15","2013/07/13"
"B00D41IU2M","4902370520927","New スーパールイージ U","任天堂","3,996","2,350","770","36","2,350","288","30","○","1,150","40","2013/07/13"
"B00D3I2M52","4902370520934","レゴ(R)シティ アンダーカバー","任天堂","6,156","4,909","927","17","4,539","1","30","○","427","116","2013/07/25"
"B00FKSUG10","4902370520941","Wii Party U","任天堂","5,076","3,991","29","30","3,620","0","22","○","1,072","75","2013/10/31"
"B00D5OOCDY","4902370520958","Wii U GamePad バッテリーパック (2550mAh)","任天堂","3,240","2,945","0","16","2,944","1","1","○","883","14","2013/07/25"
"B00FKSWGVI","4902370520965","Wii U ワイヤレスマイク","任天堂","4,215","4,210","0","92","4,210","0","","○","296","33","2013/12/12"
"B00DS5S2GS","4902370521061","The Wonderful 101","任天堂","7,128","4,330","217","26","3,380","90","29","○","1,303","57","2013/08/24"
"B00DCMOV6W","4902370521078","ゼルダの伝説 風のタクト HD","任天堂","6,156","4,330","470","30","3,770","20","29","○","740","80","2013/09/26"
"B00EUWJEKQ","4902370521177","レイマン レジェンド","任天堂","5,985","4,199","1","20","4,149","1","9","○","1,814","15","2013/10/17"
"B00FFQF7K2","4902370521214","Wii U すぐに遊べるファミリープレミアムセット(シロ)","任天堂","37,100","37,219","381","15","32,350","930","6","○","305","72","2013/10/31"
"B00FFQF7M0","4902370521221","Wii U すぐに遊べるファミリープレミアムセット(クロ)","任天堂","37,923","37,630","293","22","31,380","1,917","4","○","1,281","66","2013/10/31"
"B00FFQF7S4","4902370521238","Wii U すぐに遊べるファミリープレミアムセット+Wii Fit U(シロ)(バランスWiiボード非同梱)","任天堂","35,794","35,410","10","16","26,340","8,058","4","○","665","53","2013/10/31"
"B00FFQF7MU","4902370521245","Wii U すぐに遊べるファミリープレミアムセット+Wii Fit U(クロ)(バランスWiiボード非同梱)","任天堂","37,980","37,900","80","18","27,330","0","4","○","3,785","33","2013/10/31"
"B00FKSUIIG","4902370521269","スーパーマリオ 3Dワールド","任天堂","6,156","4,881","439","33","4,370","0","41","○","71","292","2013/11/21"
"B00FKT0NIK","4902370521276","マリオ&ソニック AT ソチオリンピック","任天堂","6,156","4,080","260","38","3,340","0","29","○","2,755","20","2013/12/05"
"B00FQB6VB0","4902370521290","Wiiリモコンプラス (マリオ)","任天堂","3,909","3,480","1","22","3,480","1","","○","762","7","2013/11/21"
"B00FQB6UZ2","4902370521306","Wiiリモコンプラス (ルイージ)","任天堂","3,909","3,540","5","25","3,540","5","1","○","935","10","2013/11/21"
"B00FQB6V6A","4902370521313","Wiiリモコンプラスセット (マリオ・ルイージ)","任天堂","7,680","7,600","40","33","7,600","40","1","○","1,466","45","2013/11/21"
"B00I9QNSCE","4902370521436","バランスWiiボード (シロ)","任天堂","8,424","7,654","326","7","3,330","260","25","○","791","4","2014/02/08"
"B00I9QNS8I","4902370521443","バランスWiiボード (クロ)","任天堂","8,190","7,654","326","8","7,410","244","2","○","3,588","4","2014/02/08"
"B00HF49HXK","4902370521740","ドンキーコング トロピカルフリーズ","任天堂","6,156","5,020","30","35","4,750","40","27","○","413","52","2014/02/13"
"B00IKEVIX6","4902370521849","Wii U すぐに遊べる スポーツプレミアムセット","任天堂","32,400","32,094","1","11","28,895","3,199","3","○","1,306","2","2014/03/27"
"B00IFTTOAK","4902370521894","マリオカート8","任天堂","6,156","5,232","","","5,232","","","×","13","","2014/05/29"
"B00IG27FZC","4902370521917","ファミコンリミックス1+2","任天堂","3,087","2,631","419","13","2,631","419","","×","36","","2014/04/24"
"B009S26V3Q","4904790518256","Wii U GamePad専用 マルチフィルム","タカラトミーアーツ","735","355","","","355","","","○","9,891","","2012/12/08"
"B009VCHNXU","4905823740507","キャラプレフィルム for Wii U GamePad/NEWマリオU shiro","テンヨー","906","373","387","3","373","387","","○","31,288","","2012/12/08"
"B009VCHQI2","4905823740514","キャラプレフィルム for Wii U GamePad/NEWマリオU kuro","テンヨー","906","373","282","3","373","282","","○","32,700","","2012/12/08"
"B009LGNXP8","4938833021090","FIFA 13 ワールドクラスサッカー","エレクトロニック・アーツ","7,884","4,505","327","17","3,709","1","5","○","8,870","12","2012/12/08"
"B00ATLA0LY","4938833021137","ニード・フォー・スピード モスト・ウォンテッドU","エレクトロニック・アーツ","6,804","5,498","1","6","4,400","606","10","○","1,309","16","2013/03/20"
"B009LGNVR8","4938833021168","マスエフェクト 3 -特別版-","エレクトロニック・アーツ","6,090","2,200","0","39","1,920","10","24","○","6,854","10","2012/12/08"
"B00DIZCNFE","4940261510893","ディズニー エピックミッキー2:二つの力","スパイク・チュンソフト","6,264","2,640","37","26","2,640","0","16","○","7,016","4","2013/09/26"
"B004Q7DGG8","4941250179497","PLANEX Wii/MacBookAir対応 USB2.0 有線LANアダプタ UE-100TX-G3","プラネックス","1,317","1,009","411","15","1,009","411","","○","198","145","2011/03/11"
"B0026RH5GM","4945664109699","Wii用コントローラ変換アダプタ『リモコンツナイデント』","ゲームテック","1,836","2,150","290","5","1,700","0","3","○","10,208","13","2009/06/30"
"B002FL43RS","4945664109804","Wiiリモコン用非接触充電セット『電池パック (ブラック) 』","ゲームテック","1,080","1,300","80","5","1,240","10","2","○","11,197","26","2009/08/01"
"B002FL43SC","4945664109811","Wiiリモコン用非接触充電セット『電池パック (ホワイト) 』","ゲームテック","1,080","830","10","24","830","10","2","○","1,989","26","2009/08/01"
"B002FL43FU","4945664109965","Wiiリモコン用USBケーブル『電池いりま線 (ブラック) 』","ゲームテック","2,864","2,864","0","6","2,845","18","3","○","13,272","58","2009/10/05"
"B002FL43GO","4945664109972","Wiiリモコン用USBケーブル『電池いりま線 (ホワイト) 』","ゲームテック","1,714","1,713","0","17","1,530","75","2","○","4,729","58","2009/10/05"
"B00ESAR9YI","4945664110756","1640：Wii用シリコンカバー　forクラコンPRO（ピンク）","ゲームテック","","","","","","","","×","47,520","",""
"B003AL059C","4945664110916","Wiiリモコン用非接触充電セット『電池パック (ブルー) 』","ゲームテック","","7,980","","1","1,980","370","2","×","16,177","26","2010/05/22"
"B007XQ5FEK","4945664113825","Wｉｉ用/PS3用キーボード『ミニUSBキーボード (ホワイト)』","ゲームテック","2,037","","","4","","","1","○","7,895","8","2012/07/30"
"B007XQ5JCI","4945664113832","Wｉｉ用/PS3用キーボード『ミニUSBキーボード (ホワイト)』","ゲームテック","2,037","1,550","204","4","1,550","204","1","○","7,895","8","2012/07/30"
"B009D99QTU","4945664114389","Wii用コントローラ変換アダプタ『リモコンツナイデント2』","ゲームテック","1,836","1,509","0","2","1,509","0","1","○","9,693","9","2012/10/10"
"B009KDXLZ4","4945664114518","WiiU用ゲームパッドポーチ『ソフトポーチU ホワイト』","ゲームテック","1,188","1,000","0","7","1,000","0","","○","35,373","3","2012/12/05"
"B009KDXOF6","4945664114525","WiiU用ゲームパッド保護カバー『クリスタルシェルU クリア』","ゲームテック","1,404","1,200","10","6","1,200","10","","○","22,302","3","2012/12/08"
"B009KDXOW4","4945664114532","WiiU用ゲームパッド保護カバー『クリスタルシェルU クリアブラック』","ゲームテック","1,404","1,234","10","5","1,234","10","1","○","20,020","3","2012/12/08"
"B009KDXN8Y","4945664114549","WiiU用ゲームパッド保護カバー『シリコンプロテクタU ブラック』","ゲームテック","1,404","720","26","5","720","26","","○","18,587","5","2012/12/08"
"B009KDXNKC","4945664114556","WiiU用ゲームパッド保護カバー『シリコンプロテクタU ホワイト』","ゲームテック","1,404","738","392","5","738","392","","○","22,475","5","2012/12/08"
"B009KDXMDA","4945664114563","WiiU用ゲームパッド保護カバー『ソフトクリスタルカバーU ブラック』","ゲームテック","1,554","815","10","5","490","0","2","○","19,682","2","2012/12/05"
"B009KDXMU8","4945664114570","WiiU用ゲームパッド保護カバー『ソフトクリスタルカバーU ホワイト』","ゲームテック","1,598","695","60","8","695","60","","○","22,213","2","2012/12/05"
"B009KDXJG0","4945664114730","WiiU用電池蓋一体型スタンド『バッテリーカバースタンドU ブラック』","ゲームテック","1,620","1,027","313","5","1,027","313","","○","24,381","","2012/12/08"
"B009KDXK00","4945664114747","WiiU用電池蓋一体型スタンド『バッテリーカバースタンドU ホワイト』","ゲームテック","1,620","1,009","456","5","1,009","456","","○","30,783","","2012/12/08"
"B009YPRVL8","4945664114754","WiiU/Wii用コントローラ『アーケードスティックU』","ゲームテック","7,880","7,880","","","7,880","","","○","21,004","","2012/12/01"
"B00B1O7DPO","4945664114808","WiiU GamePad用表面+液晶画面保護シート『よごれなシートセットU』","ゲームテック","1,080","964","251","3","964","251","","○","22,195","2","2013/02/08"
"B00B1O7DP4","4945664114815","WiiU GamePad用充電スタンド『そのまま充電スタンドU (ブラック) 』","ゲームテック","1,296","1,130","24","7","1,130","24","","○","13,415","14","2013/03/21"
"B00B1O7DO0","4945664114822","WiiU GamePad用充電スタンド『そのまま充電スタンドU (ホワイト) 』","ゲームテック","1,260","1,109","518","4","1,109","518","","○","5,956","14","2013/03/21"
"B00B1O7DPE","4945664114839","WiiU GamePad用充電ケーブル『ACいりま線U』","ゲームテック","1,754","1,754","","","1,754","","","○","4,884","18","2013/02/21"
"B00BB8VEWI","4945664114846","WiiU用リモコン非接触充電ボードセット『置きラク!リモコンチャージU ホワイト』","ゲームテック","4,840","5,135","55","5","5,135","55","","○","9,576","8","2013/05/02"
"B00BB8VEYG","4945664114853","WiiU用リモコン非接触充電ボードセット『置きラク!リモコンチャージU ブラック』","ゲームテック","","5,400","50","5","5,400","50","","×","12,736","8","2013/05/02"
"B00BB8VH0W","4945664114860","置きラク!リモコンチャージ (WiiU/Wii版) 専用『電池パック ピンク』","ゲームテック","1,071","","","5","","","1","○","4,739","8","2013/05/02"
"B00BB8VGZI","4945664114877","WiiU用プロコントローラ保護カバー『シリコンカバーPro U (ホワイト) 』","ゲームテック","","","","","","","","×","19,105","","2013/04/20"
"B00BP4BYWS","4945664114891","WiiU/Wii用クラシックコントローラ連射アダプタ『連打いらないん打ッ!』","ゲームテック","1,890","1,373","267","6","1,373","267","","○","1,473","17","2013/04/30"
"B00BB8VH1G","4945664114907","WiiUゲームパッド用大容量内蔵バッテリーパック『メガバッテリーパックU』","ゲームテック","4,320","3,281","509","6","3,281","509","","○","5,886","25","2013/04/30"
"B00BB8VGYO","4945664114938","WiiU用YタイプUSB接続ケーブル『YタイプUSBケーブル』","ゲームテック","1,478","1,478","0","11","1,478","0","1","○","4,117","8","2013/04/19"
"B00DE95VR6","4945664114945","5機種対応タッチペン『マルチおトモタッチペン ホワイト』","ゲームテック","","1,379","1","2","1,379","1","","×","22,378","3","2013/06/21"
"B00DE9AAMC","4945664114952","5機種対応タッチペン『マルチおトモタッチペン ブラック』","ゲームテック","630","578","","","578","","","○","5,311","3","2013/06/21"
"B00BB8VEVE","4945664114976","置きラク!リモコンチャージ (WiiU/Wii版) 専用『電池パック ブルー』","ゲームテック","2,370","2,370","0","5","2,370","0","","○","5,799","8","2013/05/02"
"B00BB8VEUU","4945664114983","置きラク!リモコンチャージ (WiiU/Wii版) 専用『電池パック ピンク』","ゲームテック","1,071","1,071","10","5","1,071","10","1","○","4,739","8","2013/05/02"
"B00BUIY7N2","4945664115041","WiiU/Wii用有線LANアダプタ『USB有線LANアダプタU』","ゲームテック","2,592","2,336","218","3","2,336","218","","○","24,913","","2013/06/10"
"B00ECTY9TI","4945664115379","D253：Wii用電池入りま線＋連射ラクコン","ゲームテック","","","","","","","","×","46,426","",""
"B00DGO98C8","4945664115454","WiiU用ポートキャップセット『ほこり入れま栓!U (ブラック) 』","ゲームテック","864","864","164","4","864","164","","○","14,698","2","2013/08/29"
"B00DGO98G4","4945664115461","WiiU用ポートキャップセット『ほこり入れま栓!U (ホワイト) 』","ゲームテック","864","864","164","4","864","164","","○","4,877","2","2013/08/29"
"B00E3PM65A","4945664115539","3DSLL/3DS/WiiUゲームパッド/PSVita/各種スマホ/タブレットPC用『どこでもボタン』","ゲームテック","1,557","1,552","1","10","1,552","1","","○","10,948","8","2013/09/12"
"B00ESD9HB8","4945664115577","D245：WiiU用コントローラカバーPRO U(ブラック)","ゲームテック","","","","","","","","×","47,550","",""
"B00H97BU38","4945664116215","PS4/PS3用USBハブ『4ポートUSBハブ』","ゲームテック","1,620","1,445","179","8","1,445","179","","○","6,798","","2014/02/22"
"B00GSLNBAQ","4945664116222","PS4/PS3/HDMI搭載機器用『HDMIセレクタ 3in1』","ゲームテック","","3,092","6,781","2","3,092","6,781","","×","1,894","35","2014/02/22"
"B00IE1U2ZK","4945664116314","WiiU/Wiiリモコン用ハンドルアタッチメント『ドライビングリップU (ホワイト) 』","ゲームテック","1,080","1,080","","","1,080","","","×","38,386","","2014/04/30"
"B00IE1U2YG","4945664116321","WiiU Game Pad用充電ケーブル『USBもACもいりま線U』","ゲームテック","1,296","1,296","310","4","1,296","310","","×","722","","2014/04/24"
"B00JKAJJJE","4945664116628","WiiU GamePad用ハンドルアタッチメント『ドライビングスタンドU』","ゲームテック","2,808","2,808","","","2,808","","","×","17,562","","2014/05/30"
"B00A868KSU","4949244002721","アサシン クリードIII(特典なし)【CEROレーティング「Z」】","ユービーアイ ソフト","7,770","2,395","309","29","1,738","192","21","○","1,255","10","2012/12/08"
"B009LUE5BA","4949244002851","ZombiU(ゾンビU)","ユービーアイ ソフト","7,180","880","100","46","840","10","39","○","172","83","2012/12/08"
"B009LUE8B2","4949244002868","スポーツコネクション","ユービーアイ ソフト","4,937","3,620","10","23","2,849","88","17","○","8,546","14","2012/12/20"
"B00C2NQPR0","4949244002875","ラビッツランド","ユービーアイ ソフト","5,184","2,900","100","26","2,429","88","10","○","6,462","8","2013/06/06"
"B00D41IHQ6","4949244002899","スプリンターセル ブラックリスト","ユービーアイ ソフト","7,992","4,757","223","22","4,439","0","14","○","5,507","10","2013/09/05"
"B00FMQNHGQ","4949244003155","ウォッチドッグス (発売日未定)【CEROレーティング「Z」】","ユービーアイ ソフト","7,992","6,484","","","6,484","","","○","9,923","",""
"B00DS5O6F4","4949244003216","アサシン クリード4 ブラック フラッグ","ユービーアイ ソフト","7,770","6,742","143","12","6,379","1","8","○","8,005","12","2013/11/28"
"B00CL6D2U6","4949244003247","スナイパー エリートV2","ユービーアイ ソフト","6,264","3,834","5","19","3,448","0","14","○","2,784","4","2013/07/18"
"B00JTS0RK2","4953103408357","ELECOM LANケーブル PS4対応 CAT6 やわらか 2m ブラック GM-LDGPYT/BK20","エレコム","700","700","","","700","","","×","9,486","","2014/04/27"
"B009WKZTVY","4961818018723","【Wii U】鉄拳タッグトーナメント2 Wii U EDITION 対応スティック (別途Wiiリモコン必要)","ホリ","8,208","6,808","0","15","6,280","0","5","○","18,763","","2012/12/08"
"B009OA2XPC","4961818019195","【Wii U】任天堂公式ライセンス商品 やわらかポーチ for Wii U GamePad ブラック","ホリ","1,317","1,140","58","11","1,140","58","","○","4,121","5","2012/12/08"
"B009OA30RC","4961818019201","【Wii U】任天堂公式ライセンス商品 やわらかポーチ for Wii U GamePad ブルー","ホリ","1,317","1,023","3","9","1,023","3","","○","22,241","5","2012/12/08"
"B009OA34QE","4961818019218","【Wii U】任天堂公式ライセンス商品 やわらかポーチ for Wii U GamePad レッド","ホリ","1,317","840","340","6","840","340","","○","17,464","5","2012/12/08"
"B009OA37K2","4961818019225","【Wii U】任天堂公式ライセンス商品 ハードポーチ for Wii U GamePad ブラック","ホリ","1,580","1,256","274","6","1,256","274","","○","6,488","15","2012/12/08"
"B009OA3CNO","4961818019232","【Wii U】任天堂公式ライセンス商品 ハードポーチ for Wii U GamePad ブルー","ホリ","1,625","1,438","0","9","1,329","109","1","○","15,116","15","2012/12/08"
"B009OA3FUO","4961818019249","【Wii U】任天堂公式ライセンス商品 ハードポーチ for Wii U GamePad レッド","ホリ","1,625","989","2","10","989","2","","○","4,470","15","2012/12/08"
"B009OA3J5K","4961818019256","【Wii U】任天堂公式ライセンス商品 PCバリ硬カバー for Wii U GamePad クリア [ 前面保護タイプ ]","ホリ","1,009","449","51","11","449","51","","○","11,473","9","2012/12/08"
"B009OA3MA2","4961818019270","【Wii U】任天堂公式ライセンス商品 TPUやわ硬カバー for Wii U GamePad クリア [ 背面保護タイプ ]","ホリ","1,481","540","19","16","540","19","","○","13,115","22","2012/12/08"
"B009OA3PUE","4961818019287","【Wii U】任天堂公式ライセンス商品 TPUやわ硬カバー for Wii U GamePad クリアブラック [ 背面保護タイプ ]","ホリ","1,523","580","39","13","580","39","1","○","8,556","22","2012/12/08"
"B009OA3T2I","4961818019294","【Wii U】任天堂公式ライセンス商品 シリコンもち肌カバー for Wii U GamePad ブラック","ホリ","1,800","1,800","0","6","1,800","0","","○","13,081","12","2012/12/08"
"B009OA3WGQ","4961818019300","【Wii U】任天堂公式ライセンス商品 シリコンもち肌カバー for Wii U GamePad ホワイト","ホリ","1,523","1,420","5","20","1,420","5","","○","17,187","12","2012/12/08"
"B00B99EC4G","4961818019317","【Wii U】任天堂公式ライセンス商品 スタンドカバー for Wii U GamePad ブラック","ホリ","2,037","500","760","6","500","760","","○","7,746","","2013/03/30"
"B00A6MR0SW","4961818019386","【Wii U】任天堂公式ライセンス商品 ピカふきカバー for Wii U GamePad ブラック","ホリ","","950","330","5","950","330","","×","25,958","3","2012/12/08"
"B00A6MR0XM","4961818019393","【Wii U】任天堂公式ライセンス商品 ピカふきカバー for Wii U GamePad ホワイト","ホリ","700","355","315","3","355","315","","○","29,253","3","2012/12/08"
"B00ABABNVE","4961818019706","任天堂公式ライセンス商品 ニュー・スーパーマリオブラザーズ・U ピカふきカバー for Wii U GamePad クール","ホリ","802","800","10","7","800","10","","○","30,520","","2012/12/22"
"B00ABABNXM","4961818019713","任天堂公式ライセンス商品 ニュー・スーパーマリオブラザーズ・U ピカふきカバー for Wii U GamePad カラフル","ホリ","802","720","19","6","720","19","","○","23,338","","2012/12/22"
"B00B47XMZS","4961818019720","【Wii U】任天堂公式ライセンス商品 PC フル バリ硬カバー for Wii U GamePad","ホリ","","2,000","0","7","2,000","0","","×","17,752","2","2013/02/16"
"B00JK9LQ7I","4961818020528","充電スタンド対応PC フル バリ硬カバーfor Wii U GamePad クリア","ホリ","1,598","1,598","","","1,598","","","×","7,627","","2014/05/29"
"B00ENT4V2W","4961818020535","【Wii U】充電スタンド対応 シリコン もち肌カバー for Wii U GamePad ブラック","ホリ","1,523","1,153","0","16","1,153","0","","○","695","7","2013/11/28"
"B00ENT4V6I","4961818020542","【Wii U】充電スタンド対応 シリコン もち肌カバー for Wii U GamePad ホワイト","ホリ","1,523","1,154","578","20","1,154","578","","○","1,095","6","2013/11/28"
"B00J3HWZIG","4961818022539","マリオカート8 ハンドル for Wiiリモコン マリオ","ホリ","","4,330","","1","4,330","","","×","454","","2014/05/29"
"B00J3HWZPE","4961818022546","マリオカート8 ハンドル for Wiiリモコン ルイージ","ホリ","","4,330","","1","4,330","","","×","874","","2014/05/29"
"B00J2PH7FA","4961818022553","マリオカート8 プロテクトケース for Wii U GamePad マリオ (充電スタンド対応)","ホリ","1,755","1,384","","","1,384","","","×","634","","2014/05/29"
"B00J2PH7NC","4961818022560","マリオカート8 プロテクトケース for Wii U GamePad ルイージ (充電スタンド対応)","ホリ","1,706","1,384","","","1,384","","","×","1,658","","2014/05/29"
"B009LUE75Y","4963688401742","バットマン:アーカム・シティ アーマード・エディション 数量限定予約特典 特製スチールブック 付き","ワーナー・エンターテインメント・ジャパン","6,151","1,680","100","14","1,435","4","5","○","1,888","19","2012/12/08"
"B009CNIYPE","4963688401759","真・北斗無双 特典『真・北斗無双』特製スマートフォン用ポーチ 付","コーエーテクモゲームス","8,424","3,520","0","5","2,980","540","1","○","4,895","18","2013/01/31"
"B00IZZZAPW","4963688401858","マリオカート8 Amazon.co.jp限定特典:任天堂製オリジナルトランプ(ロゼッタVer.) 付","任天堂","6,156","6,156","","","6,156","","","×","247","","2014/05/29"
"B00IZZZANY","4963688401865","マリオカート8 Amazon.co.jp限定特典:任天堂製オリジナルトランプ(マリオVer.) 付","任天堂","6,156","6,156","","","6,156","","","×","100","","2014/05/29"
"B00AK8GZTW","4969123255666","ニンテンドー3DS LL用 スマートポーチ ブルー","モリゲームズ","972","780","1,420","3","780","1,420","","○","23,431","","2012/12/13"
"B00AK8H3NO","4969123256014","ニンテンドー3DS LL専用 TPU カバー クリアブルー","モリゲームズ","1,365","1,036","1,944","3","1,036","1,944","","○","19,247","","2012/12/13"
"B00AK8H6I6","4969123256038","ニンテンドー3DS LL専用 PC カバー クリアブルー","モリゲームズ","1,026","792","1,688","2","792","1,688","","○","19,848","","2012/12/13"
"B00H8GEBOA","4969123256564","Wii U GamePad 専用カバー (ブラック)","モリゲームズ","1,512","1,360","0","2","1,360","0","","○","23,872","","2013/12/22"
"B00H8GEBQI","4969123256571","Wii U GamePad 専用カバー (ブルー)","モリゲームズ","1,512","1,360","0","2","1,360","0","","○","49,630","","2013/12/22"
"B00CW9E8W8","4974365142407","龍が如く1&2 HD for Wii U","セガ","5,229","3,681","0","25","3,339","1","18","○","5,475","15","2013/08/08"
"B00E0GKHZI","4974365142414","ソニック ロストワールド","セガ","7,538","5,774","85","22","5,119","1","9","○","1,075","19","2013/10/24"
"B00I2FSZSE","4974365142421","ぷよぷよテトリス 特典なし","セガ","5,378","4,207","105","27","4,207","105","7","○","3,973","3","2014/02/06"
"B00IFWSW32","4974365142438","ソニック&オールスターレーシング TRANSFORMED","セガ","7,538","6,115","","","6,115","","","×","1,109","","2014/05/15"
"B009PJRXHU","4976219047357","モンスターハンター3 (トライ) G HD Ver.","カプコン","4,800","630","20","47","480","67","58","○","177","145","2012/12/08"
"B00B6XJD9Y","4976219050210","バイオハザード リベレーションズ アンベールド エディション","カプコン","5,132","1,570","10","34","1,339","0","25","○","782","23","2013/05/23"
"B00E9QTZDE","4976219051699","モンスターハンター フロンティアG ビギナーズパッケージ (16特典イベントコード同梱) 特典「レア素材獲得クエスト[HR11]」イベントコード付","カプコン","6,264","2,400","5","30","1,980","420","3","○","4,143","3","2013/12/11"
"B00H8LMHFK","4976219053594","モンスターハンター フロンティアG メモリアルパッケージ","カプコン","6,090","3,305","145","19","980","0","2","○","7,243","","2014/02/05"
"B004ASNV5Y","4981254668085","BUFFALO Wi-Fiコネクター WLI-UC-GNM-B 【3DS/3DS LL/Wii/Wii U/PS3対応】","バッファロー","2,037","1,645","10","5","1,110","535","1","○","2,011","7","2010/12/23"
"B00EEXJVMW","4982416619747","【任天堂公式ライセンス商品】WiiU用GamePad専用液晶画面保護フィルム『マジックフィルムWiiU』","アイレックス","950","843","372","3","843","372","","○","19,833","","2013/08/15"
"B00EEXJVOK","4982416619754","【任天堂公式ライセンス商品】WiiU用GamePad専用液晶画面保護フィルム『プレミアムフィルム艶 (TSUYA) WiiU』","アイレックス","1,058","936","279","4","936","279","","○","14,184","","2013/08/15"
"B009URKXPQ","4988135962867","バットマン:アーカム・シティ アーマード・エディション (特典なし)","ワーナー・エンターテインメント・ジャパン","6,151","1,480","228","28","1,274","10","25","○","2,513","6","2012/12/08"
"B00BIYQ4G6","4988135988904","インジャスティス:神々の激突","ワーナー・エンターテインメント・ジャパン","7,488","2,812","538","15","2,080","690","10","○","9,700","5","2013/06/27"
"B009CNIO0O","4988601007825","ドラゴンクエストX 目覚めし五つの種族 オンライン (WiiU版)","スクウェア・エニックス","7,180","4,970","0","15","2,980","1,990","1","○","4,623","87","2013/03/30"
"B00DSKQBUC","4988601008181","コール オブ デューティ ブラックオプスII 【CEROレーティング「Z」】","スクウェア・エニックス","4,104","3,634","1","7","3,634","1","2","○","12,977","2","2013/09/05"
"B00E950BQU","4988601008228","ドラゴンクエストX 目覚めし五つの種族 オンライン (WiiU版)","スクウェア・エニックス","4,104","3,272","728","16","3,272","728","","○","245","13","2013/09/26"
"B00EDGXOD2","4988601008259","コール オブ デューティ ゴースト [字幕版]","スクウェア・エニックス","8,208","5,672","1,458","18","4,807","1","9","○","955","22","2013/11/14"
"B00F9VKAR8","4988601008280","ドラゴンクエストX 眠れる勇者と導きの盟友 オンライン (WiiU版)","スクウェア・エニックス","4,104","2,640","37","36","2,640","37","","○","156","36","2013/12/05"
"B009CNIWYW","4988615045806","無双OROCHI2 Hyper","コーエーテクモゲームス","7,344","980","100","49","960","20","32","○","148","35","2012/12/08"
"B009CNIW4C","4988615045813","NINJA GAIDEN 3: Razor's Edge","コーエーテクモゲームス","7,140","1,080","0","45","990","0","35","○","447","43","2012/12/08"
"B009CNIXW8","4988615045868","三國志12","コーエーテクモゲームス","9,504","1,949","31","24","1,740","30","27","○","1,076","8","2012/12/13"
"B009URKWZM","4988615045936","真・北斗無双 (特典なし)","コーエーテクモゲームス","8,424","3,000","0","23","2,540","0","15","○","2,794","4","2013/01/31"
"B00DOU5FZ8","4988615052255","三國志12 with パワーアップキット","コーエーテクモゲームス","10,584","4,648","4,332","12","4,648","2,872","4","○","1,792","","2013/09/26"
"B00IQ96W1I","4988888888537","ドラゴンクエストX 眠れる勇者と導きの盟友 オンライン 【Wii版】 初回購入特典 アイテムコード付き","スクウェア・エニックス","4,980","4,980","","","4,980","","","○","7,645","",""
"B00ICLF8NI","4988888888544","ドラゴンクエストX 眠れる勇者と導きの盟友 オンライン 【WiiU版】 初回購入特典 アイテムコード付き","スクウェア・エニックス","","","","","","","","×","44,381","",""
"B00F3DG5IA","6959714101319","eForBuddy　任天堂　Wii　専用 ヌンチャク　レッド","eForBuddy","1,980","1,190","","","1,190","","","○","27,946","",""
"B0015TC0D0","7527566558774","LAN Adapter（Wii/Wii U用）","May Flash","","","","","","","","×","194,269","","2013/02/08"
"B00AZS4D64","9496625651771","シリコン カバー for 任天堂 Wii U GamePad ホワイト [アチーバー限定品]","GoodPrice","","","","","","","","×","23,483","3",""
"9861063897","9789861063898","シリコンカバー for Wii U GamePad 赤","MYCARRYINGCASE","","","","","","","","×","52,944","",""
"9861064222","9789861064222","プロテクト スタンド ケース (Wii U用) 黒","MYCARRYINGCASE","8,500","12,000","","","12,000","","","○","45,769","",""
"9863241229","9789863241225","シリコンカバー for Wii U GamePad ブルー","MYCARRYINGCASE","","","","","","","","×","46,977","",""
"986325083X","9789863250838","シリコンカバー for Wii U GamePad ピンク","MYCARRYINGCASE","","","","","","","","×","40,857","",""
